Date, Heure, H:00, H:10, H:20, H:30, H:40, H:50 
2018-08-01, 0:00, 630, 630, 660, 677, 644, 640
2018-08-01, 1:00, 633, 678, 643, 638, 633, 661
2018-08-01, 2:00, 644, 664, 644, 649, 659, 663
2018-08-01, 3:00, 675, 682, 706, 665, 662, 660
2018-08-01, 4:00, 660, 645, 648, 618, 645, 673
2018-08-01, 5:00, 647, 660, 690, 654, 643, 648
2018-08-01, 6:00, 677, 699, 704, 763, 729, 708
2018-08-01, 7:00, 733, 791, 790, 826, 833, 817
2018-08-01, 8:00, 875, 1011, 1054, 1067, 1058, 1043
2018-08-01, 9:00, 1052, 1109, 1161, 1155, 1152, 1017
2018-08-01, 10:00, 987, 1038, 1036, 1037, 1006, 1020
2018-08-01, 11:00, 1018, 1002, 962, 1025, 1048, 1041
2018-08-01, 12:00, 1030, 1055, 1052, 1006, 1003, 985
2018-08-01, 13:00, 997, 999, 1008, 1045, 1067, 1037
2018-08-01, 14:00, 1038, 1039, 1071, 1088, 1113, 1121
2018-08-01, 15:00, 1088, 1126, 1159, 1163, 1213, 1228
2018-08-01, 16:00, 1181, 1218, 1218, 1213, 1154, 1145
2018-08-01, 17:00, 1148, 1163, 1186, 1160, 1157, 1134
2018-08-01, 18:00, 1057, 955, 987, 987, 946, 964
2018-08-01, 19:00, 921, 819, 793, 831, 950, 841
2018-08-01, 20:00, 841, 820, 799, 810, 785, 819
2018-08-01, 21:00, 822, 807, 792, 805, 812, 983
2018-08-01, 22:00, 1165, 834, 779, 758, 784, 762
2018-08-01, 23:00, 790, 771, 780, 721, 696, 699
2018-08-02, 0:00, 696, 672, 671, 688, 656, 673
2018-08-02, 1:00, 667, 682, 652, 641, 630, 672
2018-08-02, 2:00, 646, 637, 643, 647, 628, 650
2018-08-02, 3:00, 666, 679, 652, 637, 625, 641
2018-08-02, 4:00, 652, 661, 662, 646, 654, 660
2018-08-02, 5:00, 672, 639, 669, 672, 621, 664
2018-08-02, 6:00, 706, 728, 728, 760, 752, 731
2018-08-02, 7:00, 786, 875, 866, 834, 845, 826
2018-08-02, 8:00, 848, 851, 857, 854, 876, 853
2018-08-02, 9:00, 958, 1108, 1084, 1086, 1128, 1182
2018-08-02, 10:00, 1173, 1153, 1201, 1174, 1121, 1168
2018-08-02, 11:00, 1191, 1201, 1207, 1222, 1218, 1226
2018-08-02, 12:00, 1252, 1230, 1237, 1224, 1201, 1219
2018-08-02, 13:00, 1222, 1253, 1227, 1206, 1274, 1209
2018-08-02, 14:00, 1191, 1228, 1306, 1296, 1267, 1249
2018-08-02, 15:00, 1299, 1267, 1225, 1275, 1179, 1199
2018-08-02, 16:00, 1202, 1218, 1222, 1186, 1218, 1185
2018-08-02, 17:00, 1229, 1206, 1189, 1107, 1071, 1033
2018-08-02, 18:00, 1052, 1051, 1025, 1010, 1028, 1002
2018-08-02, 19:00, 960, 876, 850, 864, 828, 860
2018-08-02, 20:00, 808, 779, 818, 811, 749, 795
2018-08-02, 21:00, 781, 764, 780, 760, 763, 776
2018-08-02, 22:00, 755, 749, 697, 720, 737, 720
2018-08-02, 23:00, 709, 705, 699, 727, 731, 731
2018-08-03, 0:00, 728, 701, 715, 725, 708, 721
2018-08-03, 1:00, 726, 712, 714, 690, 700, 714
2018-08-03, 2:00, 693, 708, 702, 682, 710, 701
2018-08-03, 3:00, 732, 712, 720, 721, 674, 709
2018-08-03, 4:00, 701, 684, 721, 699, 673, 706
2018-08-03, 5:00, 682, 675, 701, 698, 733, 723
2018-08-03, 6:00, 759, 779, 780, 802, 800, 784
2018-08-03, 7:00, 858, 873, 875, 934, 856, 941
2018-08-03, 8:00, 928, 936, 1022, 1065, 1051, 1055
2018-08-03, 9:00, 1113, 1151, 1188, 1212, 1218, 1210
2018-08-03, 10:00, 1198, 1256, 1298, 1279, 1317, 1315
2018-08-03, 11:00, 1316, 1371, 1322, 1313, 1341, 1287
2018-08-03, 12:00, 1301, 1296, 1333, 1302, 1319, 1305
2018-08-03, 13:00, 1329, 1317, 1338, 1306, 1332, 1310
2018-08-03, 14:00, 1300, 1303, 1376, 1329, 1355, 1298
2018-08-03, 15:00, 1331, 1329, 1331, 1355, 1308, 1258
2018-08-03, 16:00, 1250, 1271, 1215, 1246, 1230, 1199
2018-08-03, 17:00, 1154, 1116, 1121, 1121, 1125, 1140
2018-08-03, 18:00, 1076, 1047, 1029, 1020, 1015, 1009
2018-08-03, 19:00, 958, 876, 853, 830, 835, 819
2018-08-03, 20:00, 833, 814, 838, 803, 815, 783
2018-08-03, 21:00, 792, 837, 819, 805, 770, 746
2018-08-03, 22:00, 734, 706, 731, 716, 707, 697
2018-08-03, 23:00, 721, 683, 681, 693, 744, 713
2018-08-04, 0:00, 698, 716, 699, 712, 684, 691
2018-08-04, 1:00, 677, 701, 667, 681, 686, 708
2018-08-04, 2:00, 691, 711, 692, 709, 690, 734
2018-08-04, 3:00, 730, 761, 760, 726, 714, 702
2018-08-04, 4:00, 698, 696, 708, 692, 694, 726
2018-08-04, 5:00, 727, 709, 698, 710, 699, 717
2018-08-04, 6:00, 717, 732, 753, 711, 727, 712
2018-08-04, 7:00, 763, 790, 744, 731, 759, 810
2018-08-04, 8:00, 767, 797, 779, 777, 742, 768
2018-08-04, 9:00, 813, 992, 1027, 977, 988, 987
2018-08-04, 10:00, 993, 1013, 1003, 1025, 990, 1012
2018-08-04, 11:00, 1019, 1058, 1024, 1040, 1034, 1022
2018-08-04, 12:00, 1026, 1050, 1026, 1020, 1000, 1010
2018-08-04, 13:00, 1002, 997, 969, 1014, 1025, 1006
2018-08-04, 14:00, 972, 1004, 1009, 1017, 1013, 1034
2018-08-04, 15:00, 977, 997, 1003, 1032, 1021, 996
2018-08-04, 16:00, 983, 977, 1008, 1016, 1028, 1005
2018-08-04, 17:00, 982, 882, 965, 961, 977, 957
2018-08-04, 18:00, 924, 857, 888, 882, 914, 887
2018-08-04, 19:00, 822, 807, 788, 794, 804, 832
2018-08-04, 20:00, 798, 760, 782, 762, 766, 744
2018-08-04, 21:00, 795, 775, 755, 780, 795, 766
2018-08-04, 22:00, 750, 732, 773, 741, 720, 703
2018-08-04, 23:00, 716, 702, 712, 753, 759, 750
2018-08-05, 0:00, 720, 732, 722, 754, 725, 735
2018-08-05, 1:00, 731, 737, 716, 742, 715, 710
2018-08-05, 2:00, 687, 714, 709, 730, 688, 725
2018-08-05, 3:00, 741, 735, 773, 776, 785, 761
2018-08-05, 4:00, 688, 692, 740, 713, 732, 699
2018-08-05, 5:00, 708, 703, 693, 730, 713, 710
2018-08-05, 6:00, 702, 694, 716, 723, 741, 702
2018-08-05, 7:00, 748, 709, 727, 730, 750, 756
2018-08-05, 8:00, 752, 720, 713, 745, 733, 746
2018-08-05, 9:00, 752, 889, 898, 929, 916, 926
2018-08-05, 10:00, 915, 925, 934, 942, 954, 953
2018-08-05, 11:00, 962, 909, 957, 913, 935, 943
2018-08-05, 12:00, 969, 935, 924, 926, 890, 906
2018-08-05, 13:00, 935, 918, 897, 912, 931, 954
2018-08-05, 14:00, 917, 933, 940, 937, 906, 919
2018-08-05, 15:00, 948, 961, 930, 960, 929, 939
2018-08-05, 16:00, 906, 943, 960, 917, 937, 895
2018-08-05, 17:00, 890, 884, 906, 888, 916, 924
2018-08-05, 18:00, 884, 816, 814, 786, 791, 784
2018-08-05, 19:00, 765, 734, 735, 741, 728, 707
2018-08-05, 20:00, 762, 729, 722, 726, 722, 715
2018-08-05, 21:00, 724, 728, 715, 736, 743, 749
2018-08-05, 22:00, 732, 717, 727, 728, 722, 701
2018-08-05, 23:00, 710, 700, 726, 701, 684, 728
2018-08-06, 0:00, 691, 702, 695, 703, 677, 684
2018-08-06, 1:00, 691, 721, 710, 729, 724, 745
2018-08-06, 2:00, 691, 726, 717, 697, 697, 739
2018-08-06, 3:00, 756, 767, 733, 707, 716, 744
2018-08-06, 4:00, 737, 718, 731, 706, 722, 751
2018-08-06, 5:00, 727, 714, 733, 723, 716, 714
2018-08-06, 6:00, 742, 780, 780, 777, 784, 777
2018-08-06, 7:00, 791, 829, 867, 854, 865, 898
2018-08-06, 8:00, 871, 928, 907, 905, 921, 908
2018-08-06, 9:00, 936, 997, 1022, 1023, 1039, 1059
2018-08-06, 10:00, 1086, 1070, 1084, 1110, 1090, 1078
2018-08-06, 11:00, 1131, 1101, 1110, 1105, 1094, 1117
2018-08-06, 12:00, 1122, 1133, 1129, 1101, 1100, 1072
2018-08-06, 13:00, 1129, 1115, 1110, 1152, 1164, 1142
2018-08-06, 14:00, 1099, 1185, 1177, 1154, 1140, 1163
2018-08-06, 15:00, 1145, 1118, 1092, 1114, 1092, 1091
2018-08-06, 16:00, 1080, 1113, 1133, 1110, 1127, 1128
2018-08-06, 17:00, 1099, 1128, 1125, 1118, 1075, 1054
2018-08-06, 18:00, 1026, 1056, 1049, 1033, 1015, 1024
2018-08-06, 19:00, 972, 910, 858, 839, 835, 850
2018-08-06, 20:00, 828, 869, 825, 843, 797, 794
2018-08-06, 21:00, 833, 836, 805, 832, 811, 808
2018-08-06, 22:00, 776, 783, 783, 793, 762, 750
2018-08-06, 23:00, 774, 761, 721, 729, 745, 743
2018-08-07, 0:00, 759, 747, 756, 756, 779, 754
2018-08-07, 1:00, 767, 749, 732, 748, 766, 773
2018-08-07, 2:00, 739, 788, 753, 765, 752, 768
2018-08-07, 3:00, 790, 805, 789, 750, 767, 760
2018-08-07, 4:00, 746, 735, 750, 746, 772, 765
2018-08-07, 5:00, 774, 755, 797, 789, 780, 786
2018-08-07, 6:00, 815, 814, 819, 858, 833, 831
2018-08-07, 7:00, 865, 917, 910, 906, 992, 964
2018-08-07, 8:00, 928, 950, 984, 965, 985, 970
2018-08-07, 9:00, 1006, 1075, 1077, 1096, 1124, 1100
2018-08-07, 10:00, 1059, 1087, 1116, 1142, 1155, 1126
2018-08-07, 11:00, 1139, 1192, 1185, 1197, 1202, 1183
2018-08-07, 12:00, 1193, 1207, 1190, 1181, 1159, 1174
2018-08-07, 13:00, 1164, 1139, 1185, 1150, 1176, 1206
2018-08-07, 14:00, 1194, 1214, 1281, 1346, 1349, 1319
2018-08-07, 15:00, 1299, 1342, 1297, 1310, 1308, 1317
2018-08-07, 16:00, 1297, 1284, 1280, 1260, 1269, 1274
2018-08-07, 17:00, 1270, 1244, 1276, 1253, 1262, 1260
2018-08-07, 18:00, 1204, 1168, 1137, 1101, 1148, 1126
2018-08-07, 19:00, 1053, 908, 898, 890, 906, 892
2018-08-07, 20:00, 902, 880, 863, 877, 865, 818
2018-08-07, 21:00, 868, 844, 810, 802, 795, 810
2018-08-07, 22:00, 812, 811, 791, 784, 746, 772
2018-08-07, 23:00, 770, 748, 738, 732, 731, 741
2018-08-08, 0:00, 753, 750, 738, 756, 754, 707
2018-08-08, 1:00, 720, 756, 725, 738, 738, 762
2018-08-08, 2:00, 779, 765, 761, 737, 750, 766
2018-08-08, 3:00, 790, 807, 804, 771, 768, 776
2018-08-08, 4:00, 736, 753, 728, 742, 797, 826
2018-08-08, 5:00, 801, 797, 781, 774, 795, 762
2018-08-08, 6:00, 812, 780, 814, 825, 823, 815
2018-08-08, 7:00, 827, 855, 917, 912, 886, 933
2018-08-08, 8:00, 993, 949, 968, 997, 1002, 971
2018-08-08, 9:00, 1031, 1208, 1298, 1302, 1311, 1257
2018-08-08, 10:00, 1255, 1267, 1330, 1340, 1378, 1402
2018-08-08, 11:00, 1380, 1396, 1369, 1385, 1392, 1402
2018-08-08, 12:00, 1390, 1401, 1331, 1330, 1320, 1334
2018-08-08, 13:00, 1328, 1352, 1318, 1331, 1344, 1386
2018-08-08, 14:00, 1435, 1428, 1405, 1384, 1361, 1376
2018-08-08, 15:00, 1382, 1404, 1374, 1348, 1376, 1395
2018-08-08, 16:00, 1359, 1386, 1356, 1340, 1354, 1352
2018-08-08, 17:00, 1296, 1267, 1265, 1258, 1224, 1217
2018-08-08, 18:00, 1204, 1146, 1153, 1132, 1092, 1088
2018-08-08, 19:00, 983, 920, 889, 844, 850, 874
2018-08-08, 20:00, 854, 895, 863, 836, 830, 836
2018-08-08, 21:00, 820, 827, 789, 798, 782, 798
2018-08-08, 22:00, 775, 767, 798, 791, 791, 792
2018-08-08, 23:00, 774, 777, 756, 747, 776, 781
2018-08-09, 0:00, 751, 785, 772, 745, 764, 774
2018-08-09, 1:00, 740, 734, 770, 728, 747, 743
2018-08-09, 2:00, 748, 782, 769, 745, 744, 767
2018-08-09, 3:00, 815, 799, 805, 771, 745, 743
2018-08-09, 4:00, 725, 744, 752, 761, 755, 766
2018-08-09, 5:00, 773, 779, 750, 764, 762, 766
2018-08-09, 6:00, 793, 804, 826, 788, 809, 793
2018-08-09, 7:00, 796, 823, 859, 864, 935, 901
2018-08-09, 8:00, 901, 970, 997, 1019, 1038, 1074
2018-08-09, 9:00, 1128, 1276, 1375, 1391, 1358, 1326
2018-08-09, 10:00, 1350, 1328, 1332, 1314, 1277, 1289
2018-08-09, 11:00, 1343, 1298, 1320, 1411, 1382, 1350
2018-08-09, 12:00, 1328, 1319, 1272, 1212, 1239, 1211
2018-08-09, 13:00, 1222, 1244, 1263, 1240, 1244, 1251
2018-08-09, 14:00, 1197, 1224, 1197, 1242, 1243, 1215
2018-08-09, 15:00, 1167, 1223, 1236, 1240, 1202, 1218
2018-08-09, 16:00, 1211, 1192, 1225, 1205, 1204, 1230
2018-08-09, 17:00, 1210, 1172, 1186, 1193, 1134, 1181
2018-08-09, 18:00, 1137, 1086, 1079, 1076, 1102, 1084
2018-08-09, 19:00, 993, 912, 907, 911, 912, 861
2018-08-09, 20:00, 862, 866, 855, 840, 838, 845
2018-08-09, 21:00, 860, 841, 828, 804, 766, 776
2018-08-09, 22:00, 765, 772, 756, 736, 713, 702
2018-08-09, 23:00, 723, 719, 701, 713, 722, 735
2018-08-10, 0:00, 690, 697, 704, 733, 714, 698
2018-08-10, 1:00, 704, 733, 723, 718, 705, 710
2018-08-10, 2:00, 724, 734, 711, 693, 703, 720
2018-08-10, 3:00, 758, 756, 740, 742, 708, 729
2018-08-10, 4:00, 719, 715, 753, 692, 709, 714
2018-08-10, 5:00, 721, 720, 706, 718, 700, 732
2018-08-10, 6:00, 761, 831, 776, 781, 796, 773
2018-08-10, 7:00, 837, 846, 843, 877, 867, 933
2018-08-10, 8:00, 930, 913, 922, 925, 921, 940
2018-08-10, 9:00, 972, 1016, 1055, 1036, 1044, 1073
2018-08-10, 10:00, 1110, 1088, 1109, 1110, 1107, 1134
2018-08-10, 11:00, 1144, 1112, 1150, 1139, 1147, 1166
2018-08-10, 12:00, 1169, 1127, 1124, 1128, 1134, 1133
2018-08-10, 13:00, 1128, 1115, 1112, 1098, 1116, 1104
2018-08-10, 14:00, 1122, 1174, 1123, 1143, 1161, 1144
2018-08-10, 15:00, 1152, 1119, 1158, 1191, 1137, 1137
2018-08-10, 16:00, 1146, 1124, 1103, 1104, 1067, 1051
2018-08-10, 17:00, 1048, 1021, 1015, 1046, 1034, 1036
2018-08-10, 18:00, 1067, 1062, 1023, 1052, 1044, 1018
2018-08-10, 19:00, 980, 902, 897, 873, 862, 880
2018-08-10, 20:00, 841, 881, 858, 840, 860, 822
2018-08-10, 21:00, 802, 795, 803, 802, 764, 754
2018-08-10, 22:00, 757, 767, 787, 757, 744, 733
2018-08-10, 23:00, 723, 741, 726, 737, 731, 725
2018-08-11, 0:00, 715, 740, 713, 704, 714, 704
2018-08-11, 1:00, 703, 726, 719, 724, 736, 754
2018-08-11, 2:00, 727, 721, 732, 725, 707, 735
2018-08-11, 3:00, 751, 760, 748, 721, 733, 732
2018-08-11, 4:00, 722, 726, 744, 712, 713, 708
2018-08-11, 5:00, 692, 721, 706, 738, 744, 719
2018-08-11, 6:00, 743, 828, 776, 781, 821, 796
2018-08-11, 7:00, 828, 879, 826, 821, 847, 864
2018-08-11, 8:00, 851, 865, 881, 898, 875, 849
2018-08-11, 9:00, 883, 941, 950, 926, 947, 948
2018-08-11, 10:00, 937, 941, 922, 942, 972, 971
2018-08-11, 11:00, 948, 987, 987, 957, 971, 986
2018-08-11, 12:00, 999, 991, 942, 978, 1009, 967
2018-08-11, 13:00, 977, 1011, 970, 977, 997, 981
2018-08-11, 14:00, 990, 1002, 950, 946, 986, 946
2018-08-11, 15:00, 951, 946, 949, 957, 919, 977
2018-08-11, 16:00, 931, 894, 897, 887, 885, 918
2018-08-11, 17:00, 886, 882, 906, 885, 863, 870
2018-08-11, 18:00, 873, 857, 860, 890, 860, 848
2018-08-11, 19:00, 838, 809, 799, 775, 780, 795
2018-08-11, 20:00, 768, 756, 747, 741, 745, 749
2018-08-11, 21:00, 757, 768, 749, 758, 769, 772
2018-08-11, 22:00, 791, 811, 781, 770, 747, 764
2018-08-11, 23:00, 754, 755, 709, 714, 732, 745
2018-08-12, 0:00, 736, 697, 705, 704, 726, 696
2018-08-12, 1:00, 698, 715, 727, 692, 699, 724
2018-08-12, 2:00, 726, 741, 726, 732, 719, 738
2018-08-12, 3:00, 765, 774, 776, 712, 718, 716
2018-08-12, 4:00, 736, 723, 787, 754, 876, 799
2018-08-12, 5:00, 783, 732, 740, 739, 731, 735
2018-08-12, 6:00, 720, 769, 770, 759, 769, 770
2018-08-12, 7:00, 750, 795, 804, 809, 838, 841
2018-08-12, 8:00, 824, 847, 886, 876, 880, 898
2018-08-12, 9:00, 911, 1015, 1059, 1113, 1226, 1224
2018-08-12, 10:00, 1288, 1364, 1358, 1415, 1436, 1421
2018-08-12, 11:00, 1493, 1602, 1675, 1704, 1765, 1776
2018-08-12, 12:00, 1920, 2062, 2159, 2166, 2180, 2236
2018-08-12, 13:00, 2528, 2888, 2910, 2927, 2971, 2961
2018-08-12, 14:00, 3043, 3037, 3060, 3090, 3076, 3007
2018-08-12, 15:00, 2922, 2921, 2951, 3013, 3027, 3131
2018-08-12, 16:00, 3108, 2999, 2963, 2921, 2936, 2914
2018-08-12, 17:00, 2786, 2528, 2494, 2350, 2355, 2375
2018-08-12, 18:00, 2257, 2189, 2068, 2035, 1863, 1809
2018-08-12, 19:00, 1769, 1736, 1686, 1654, 1626, 1602
2018-08-12, 20:00, 1356, 992, 1003, 1099, 1268, 1268
2018-08-12, 21:00, 1258, 1250, 1187, 1365, 1415, 1386
2018-08-12, 22:00, 1305, 1279, 1249, 1224, 1216, 1189
2018-08-12, 23:00, 1195, 1214, 1208, 1180, 1170, 1204
2018-08-13, 0:00, 1186, 1171, 1172, 1180, 1166, 1162
2018-08-13, 1:00, 847, 762, 757, 768, 741, 768
2018-08-13, 2:00, 751, 771, 770, 750, 763, 767
2018-08-13, 3:00, 806, 794, 784, 745, 735, 768
2018-08-13, 4:00, 741, 737, 764, 752, 708, 752
2018-08-13, 5:00, 742, 762, 741, 780, 727, 725
2018-08-13, 6:00, 789, 806, 782, 791, 837, 816
2018-08-13, 7:00, 877, 915, 902, 926, 913, 900
2018-08-13, 8:00, 947, 962, 964, 948, 965, 971
2018-08-13, 9:00, 1003, 1064, 1156, 1157, 1178, 1199
2018-08-13, 10:00, 1129, 1148, 1142, 1098, 1074, 1105
2018-08-13, 11:00, 1143, 1127, 1134, 1161, 1095, 1093
2018-08-13, 12:00, 1144, 1097, 1098, 1089, 1059, 1113
2018-08-13, 13:00, 1114, 1097, 1097, 1150, 1106, 1083
2018-08-13, 14:00, 1103, 1079, 1076, 1099, 1066, 1074
2018-08-13, 15:00, 1124, 1110, 1118, 1137, 1121, 1088
2018-08-13, 16:00, 1076, 1035, 1031, 1022, 1004, 1044
2018-08-13, 17:00, 1017, 1005, 972, 952, 982, 972
2018-08-13, 18:00, 965, 909, 934, 913, 912, 900
2018-08-13, 19:00, 894, 814, 809, 786, 776, 751
2018-08-13, 20:00, 777, 765, 737, 745, 707, 724
2018-08-13, 21:00, 710, 707, 691, 697, 714, 711
2018-08-13, 22:00, 699, 702, 694, 695, 700, 736
2018-08-13, 23:00, 716, 693, 673, 689, 690, 709
2018-08-14, 0:00, 665, 678, 675, 698, 696, 678
2018-08-14, 1:00, 697, 703, 694, 676, 695, 724
2018-08-14, 2:00, 719, 706, 688, 683, 678, 704
2018-08-14, 3:00, 700, 722, 703, 686, 684, 673
2018-08-14, 4:00, 668, 663, 706, 701, 707, 727
2018-08-14, 5:00, 708, 713, 692, 708, 704, 714
2018-08-14, 6:00, 1089, 1441, 0, 0, 317, 1345
2018-08-14, 7:00, 1342, 805, 816, 835, 810, 858
2018-08-14, 8:00, 882, 936, 940, 917, 942, 927
2018-08-14, 9:00, 956, 1028, 1037, 1003, 1024, 1023
2018-08-14, 10:00, 1035, 1015, 1014, 1068, 1061, 1058
2018-08-14, 11:00, 1097, 1109, 1070, 1057, 1063, 1102
2018-08-14, 12:00, 1081, 1073, 1121, 1111, 1124, 1130
2018-08-14, 13:00, 1088, 1096, 1081, 1092, 1070, 1059
2018-08-14, 14:00, 1057, 1077, 1074, 1046, 1052, 1064
2018-08-14, 15:00, 1067, 1059, 1078, 1074, 1060, 1066
2018-08-14, 16:00, 1039, 1007, 998, 988, 1017, 1048
2018-08-14, 17:00, 1038, 996, 1007, 975, 947, 954
2018-08-14, 18:00, 942, 955, 918, 913, 924, 927
2018-08-14, 19:00, 911, 825, 805, 782, 771, 797
2018-08-14, 20:00, 757, 783, 786, 754, 741, 725
2018-08-14, 21:00, 751, 767, 732, 732, 697, 729
2018-08-14, 22:00, 722, 744, 724, 718, 714, 684
2018-08-14, 23:00, 703, 719, 724, 709, 699, 693
2018-08-15, 0:00, 714, 698, 682, 687, 702, 708
2018-08-15, 1:00, 672, 723, 714, 687, 705, 673
2018-08-15, 2:00, 695, 698, 683, 695, 696, 691
2018-08-15, 3:00, 704, 744, 744, 696, 698, 708
2018-08-15, 4:00, 703, 681, 710, 667, 699, 677
2018-08-15, 5:00, 673, 677, 696, 675, 690, 712
2018-08-15, 6:00, 738, 748, 752, 737, 753, 774
2018-08-15, 7:00, 772, 824, 837, 827, 844, 848
2018-08-15, 8:00, 841, 849, 835, 877, 895, 894
2018-08-15, 9:00, 899, 937, 979, 970, 991, 1037
2018-08-15, 10:00, 995, 1009, 1001, 962, 1000, 1011
2018-08-15, 11:00, 1029, 1040, 1009, 1002, 1020, 1048
2018-08-15, 12:00, 1062, 1064, 1095, 1088, 1027, 1030
2018-08-15, 13:00, 1038, 1049, 1058, 1003, 1048, 1096
2018-08-15, 14:00, 1029, 1049, 1054, 1028, 1012, 998
2018-08-15, 15:00, 1033, 1011, 1012, 992, 986, 1026
2018-08-15, 16:00, 1010, 976, 1000, 975, 939, 951
2018-08-15, 17:00, 959, 929, 914, 927, 928, 909
2018-08-15, 18:00, 950, 903, 907, 902, 880, 890
2018-08-15, 19:00, 868, 795, 779, 799, 776, 768
2018-08-15, 20:00, 751, 752, 748, 756, 749, 765
2018-08-15, 21:00, 774, 749, 755, 776, 760, 758
2018-08-15, 22:00, 739, 737, 729, 718, 706, 706
2018-08-15, 23:00, 724, 717, 701, 717, 747, 742
2018-08-16, 0:00, 726, 720, 704, 734, 721, 708
2018-08-16, 1:00, 714, 708, 697, 717, 713, 762
2018-08-16, 2:00, 739, 735, 730, 731, 708, 717
2018-08-16, 3:00, 737, 744, 726, 723, 722, 743
2018-08-16, 4:00, 698, 694, 710, 695, 701, 722
2018-08-16, 5:00, 743, 731, 741, 755, 742, 746
2018-08-16, 6:00, 790, 831, 810, 818, 858, 828
2018-08-16, 7:00, 840, 847, 859, 842, 872, 898
2018-08-16, 8:00, 921, 900, 891, 885, 903, 922
2018-08-16, 9:00, 941, 999, 1047, 1039, 1103, 1085
2018-08-16, 10:00, 1107, 1104, 1115, 1098, 1121, 1158
2018-08-16, 11:00, 1123, 1138, 1087, 1100, 1135, 1133
2018-08-16, 12:00, 1127, 1120, 1124, 1117, 1113, 1160
2018-08-16, 13:00, 1168, 1164, 1132, 1109, 1133, 1151
2018-08-16, 14:00, 1125, 1151, 1162, 1165, 1158, 1136
2018-08-16, 15:00, 1157, 1128, 1104, 1133, 1138, 1123
2018-08-16, 16:00, 1111, 1105, 1072, 1056, 1074, 1094
2018-08-16, 17:00, 1026, 1045, 1084, 1075, 1035, 1018
2018-08-16, 18:00, 1024, 986, 971, 972, 982, 956
2018-08-16, 19:00, 929, 841, 813, 840, 786, 786
2018-08-16, 20:00, 790, 782, 770, 761, 762, 764
2018-08-16, 21:00, 753, 757, 763, 763, 723, 723
2018-08-16, 22:00, 727, 701, 712, 726, 738, 744
2018-08-16, 23:00, 739, 707, 711, 731, 709, 732
2018-08-17, 0:00, 725, 707, 712, 723, 702, 712
2018-08-17, 1:00, 701, 703, 697, 733, 725, 760
2018-08-17, 2:00, 741, 714, 712, 701, 709, 726
2018-08-17, 3:00, 733, 737, 723, 724, 701, 720
2018-08-17, 4:00, 693, 682, 694, 663, 682, 733
2018-08-17, 5:00, 760, 726, 733, 776, 726, 743
2018-08-17, 6:00, 758, 822, 802, 805, 825, 898
2018-08-17, 7:00, 938, 1014, 1038, 1009, 999, 994
2018-08-17, 8:00, 1042, 1027, 1008, 1016, 919, 950
2018-08-17, 9:00, 951, 1025, 1052, 1026, 1036, 1061
2018-08-17, 10:00, 1088, 1122, 1159, 1110, 1119, 1117
2018-08-17, 11:00, 1066, 1064, 1122, 1093, 1105, 1125
2018-08-17, 12:00, 1129, 1108, 1125, 1104, 1096, 1093
2018-08-17, 13:00, 1147, 1122, 1116, 1152, 1102, 1123
2018-08-17, 14:00, 1174, 1149, 1101, 1108, 1115, 1079
2018-08-17, 15:00, 1097, 1125, 1085, 1135, 1058, 1069
2018-08-17, 16:00, 1045, 1008, 1001, 1005, 1018, 1013
2018-08-17, 17:00, 990, 981, 976, 977, 999, 986
2018-08-17, 18:00, 942, 943, 925, 919, 939, 918
2018-08-17, 19:00, 874, 810, 800, 778, 798, 779
2018-08-17, 20:00, 763, 761, 760, 749, 747, 739
2018-08-17, 21:00, 743, 741, 729, 760, 749, 705
2018-08-17, 22:00, 714, 701, 718, 705, 719, 710
2018-08-17, 23:00, 699, 695, 709, 715, 744, 713
2018-08-18, 0:00, 693, 698, 680, 708, 701, 672
2018-08-18, 1:00, 667, 679, 703, 725, 709, 705
2018-08-18, 2:00, 705, 764, 741, 708, 707, 719
2018-08-18, 3:00, 714, 711, 737, 713, 722, 716
2018-08-18, 4:00, 663, 671, 694, 656, 673, 718
2018-08-18, 5:00, 701, 709, 699, 746, 721, 702
2018-08-18, 6:00, 735, 747, 751, 775, 754, 751
2018-08-18, 7:00, 752, 772, 770, 777, 785, 770
2018-08-18, 8:00, 790, 804, 794, 786, 798, 787
2018-08-18, 9:00, 801, 858, 877, 871, 901, 924
2018-08-18, 10:00, 903, 949, 906, 883, 936, 954
2018-08-18, 11:00, 925, 934, 912, 924, 974, 981
2018-08-18, 12:00, 1017, 990, 995, 989, 1015, 1016
2018-08-18, 13:00, 980, 1015, 1013, 991, 971, 999
2018-08-18, 14:00, 979, 950, 994, 1010, 979, 972
2018-08-18, 15:00, 971, 1003, 977, 981, 1023, 950
2018-08-18, 16:00, 959, 907, 918, 918, 918, 904
2018-08-18, 17:00, 907, 912, 878, 899, 889, 864
2018-08-18, 18:00, 870, 869, 871, 849, 868, 874
2018-08-18, 19:00, 840, 799, 787, 797, 795, 793
2018-08-18, 20:00, 767, 740, 730, 735, 736, 741
2018-08-18, 21:00, 742, 770, 718, 712, 704, 706
2018-08-18, 22:00, 708, 698, 680, 680, 687, 689
2018-08-18, 23:00, 677, 699, 680, 650, 661, 693
2018-08-19, 0:00, 675, 673, 674, 676, 670, 677
2018-08-19, 1:00, 663, 674, 700, 680, 668, 690
2018-08-19, 2:00, 686, 698, 678, 705, 683, 697
2018-08-19, 3:00, 705, 735, 730, 696, 684, 697
2018-08-19, 4:00, 666, 685, 730, 678, 661, 676
2018-08-19, 5:00, 657, 672, 701, 676, 660, 637
2018-08-19, 6:00, 665, 676, 677, 688, 679, 641
2018-08-19, 7:00, 662, 671, 685, 673, 686, 681
2018-08-19, 8:00, 673, 681, 677, 681, 688, 689
2018-08-19, 9:00, 705, 754, 770, 823, 795, 792
2018-08-19, 10:00, 801, 807, 810, 792, 811, 794
2018-08-19, 11:00, 839, 831, 810, 832, 812, 854
2018-08-19, 12:00, 835, 825, 850, 814, 836, 833
2018-08-19, 13:00, 823, 866, 829, 812, 839, 851
2018-08-19, 14:00, 812, 845, 840, 824, 875, 867
2018-08-19, 15:00, 870, 858, 849, 858, 865, 827
2018-08-19, 16:00, 833, 851, 823, 835, 831, 829
2018-08-19, 17:00, 863, 816, 811, 822, 841, 823
2018-08-19, 18:00, 827, 809, 791, 799, 788, 791
2018-08-19, 19:00, 776, 758, 746, 731, 744, 745
2018-08-19, 20:00, 744, 734, 725, 726, 718, 737
2018-08-19, 21:00, 718, 714, 707, 714, 693, 698
2018-08-19, 22:00, 708, 708, 710, 710, 723, 738
2018-08-19, 23:00, 741, 732, 708, 720, 703, 721
2018-08-20, 0:00, 710, 671, 691, 700, 708, 718
2018-08-20, 1:00, 700, 694, 706, 712, 719, 718
2018-08-20, 2:00, 733, 724, 704, 700, 687, 708
2018-08-20, 3:00, 731, 748, 738, 720, 709, 719
2018-08-20, 4:00, 699, 705, 724, 694, 685, 765
2018-08-20, 5:00, 748, 753, 735, 749, 747, 741
2018-08-20, 6:00, 790, 817, 788, 824, 793, 812
2018-08-20, 7:00, 852, 885, 902, 884, 868, 918
2018-08-20, 8:00, 906, 911, 909, 908, 931, 896
2018-08-20, 9:00, 947, 1021, 1017, 1059, 1079, 1076
2018-08-20, 10:00, 1101, 1059, 1107, 1089, 1108, 1159
2018-08-20, 11:00, 1141, 1156, 1150, 1141, 1113, 1170
2018-08-20, 12:00, 1203, 1143, 1160, 1170, 1125, 1107
2018-08-20, 13:00, 1108, 1126, 1114, 1143, 1116, 1194
2018-08-20, 14:00, 1197, 1149, 1135, 1125, 1155, 1139
2018-08-20, 15:00, 1117, 1102, 1136, 1174, 1136, 1170
2018-08-20, 16:00, 1115, 1074, 1035, 1063, 1082, 1085
2018-08-20, 17:00, 1048, 1040, 1044, 1036, 1009, 1058
2018-08-20, 18:00, 1050, 1061, 1013, 977, 969, 984
2018-08-20, 19:00, 886, 833, 824, 852, 853, 838
2018-08-20, 20:00, 818, 777, 782, 775, 816, 778
2018-08-20, 21:00, 747, 770, 730, 724, 732, 756
2018-08-20, 22:00, 739, 732, 711, 720, 717, 723
2018-08-20, 23:00, 730, 719, 724, 713, 726, 774
2018-08-21, 0:00, 724, 717, 703, 716, 698, 717
2018-08-21, 1:00, 700, 702, 709, 700, 726, 733
2018-08-21, 2:00, 731, 715, 713, 732, 722, 754
2018-08-21, 3:00, 734, 758, 744, 737, 720, 777
2018-08-21, 4:00, 720, 702, 732, 698, 701, 728
2018-08-21, 5:00, 707, 712, 734, 726, 706, 738
2018-08-21, 6:00, 787, 824, 813, 830, 816, 810
2018-08-21, 7:00, 842, 891, 897, 882, 893, 877
2018-08-21, 8:00, 926, 958, 944, 967, 956, 976
2018-08-21, 9:00, 959, 1018, 1064, 1016, 1072, 1044
2018-08-21, 10:00, 1041, 1087, 1098, 1113, 1125, 1137
2018-08-21, 11:00, 1092, 1112, 1126, 1093, 1060, 1106
2018-08-21, 12:00, 1112, 1119, 1137, 1108, 1146, 1153
2018-08-21, 13:00, 1194, 1158, 1144, 1133, 1166, 1145
2018-08-21, 14:00, 1182, 1165, 1166, 1199, 1197, 1124
2018-08-21, 15:00, 1156, 1161, 1087, 1134, 1134, 1127
2018-08-21, 16:00, 1090, 1107, 1106, 1075, 1063, 1049
2018-08-21, 17:00, 1059, 1043, 1035, 1008, 1046, 988
2018-08-21, 18:00, 1039, 1056, 1032, 1032, 1004, 993
2018-08-21, 19:00, 963, 870, 837, 825, 819, 828
2018-08-21, 20:00, 808, 789, 801, 806, 813, 810
2018-08-21, 21:00, 810, 804, 796, 753, 743, 754
2018-08-21, 22:00, 750, 745, 740, 719, 721, 734
2018-08-21, 23:00, 718, 724, 712, 726, 718, 752
2018-08-22, 0:00, 728, 757, 699, 708, 727, 703
2018-08-22, 1:00, 710, 701, 727, 717, 697, 716
2018-08-22, 2:00, 738, 736, 744, 745, 736, 761
2018-08-22, 3:00, 772, 788, 760, 741, 715, 718
2018-08-22, 4:00, 714, 718, 730, 727, 759, 746
2018-08-22, 5:00, 750, 754, 753, 771, 770, 749
2018-08-22, 6:00, 780, 840, 800, 803, 836, 808
2018-08-22, 7:00, 863, 891, 899, 906, 887, 890
2018-08-22, 8:00, 930, 924, 916, 923, 936, 957
2018-08-22, 9:00, 977, 1069, 1119, 1101, 1112, 1132
2018-08-22, 10:00, 1212, 1181, 1182, 1181, 1207, 1206
2018-08-22, 11:00, 1162, 1211, 1258, 1170, 1209, 1241
2018-08-22, 12:00, 1218, 1231, 1202, 1212, 1185, 1196
2018-08-22, 13:00, 1182, 1133, 1188, 1194, 1233, 1212
2018-08-22, 14:00, 1209, 1247, 1246, 1203, 1248, 1200
2018-08-22, 15:00, 1169, 1212, 1227, 1205, 1256, 1208
2018-08-22, 16:00, 1198, 1242, 1190, 1192, 1209, 1142
2018-08-22, 17:00, 1170, 1123, 1107, 1133, 1120, 1118
2018-08-22, 18:00, 1088, 1110, 1094, 1112, 1048, 1044
2018-08-22, 19:00, 990, 952, 918, 906, 923, 909
2018-08-22, 20:00, 879, 882, 875, 838, 830, 824
2018-08-22, 21:00, 820, 765, 769, 770, 739, 743
2018-08-22, 22:00, 753, 757, 740, 744, 732, 724
2018-08-22, 23:00, 729, 737, 746, 733, 741, 736
2018-08-23, 0:00, 719, 732, 726, 735, 739, 734
2018-08-23, 1:00, 713, 726, 726, 748, 729, 730
2018-08-23, 2:00, 744, 756, 733, 721, 744, 744
2018-08-23, 3:00, 785, 781, 803, 781, 760, 756
2018-08-23, 4:00, 753, 738, 738, 766, 728, 750
2018-08-23, 5:00, 772, 763, 748, 788, 766, 743
2018-08-23, 6:00, 780, 895, 853, 836, 855, 840
2018-08-23, 7:00, 877, 959, 968, 963, 940, 968
2018-08-23, 8:00, 961, 1034, 971, 977, 993, 1017
2018-08-23, 9:00, 996, 1097, 1122, 1130, 1156, 1148
2018-08-23, 10:00, 1188, 1184, 1209, 1224, 1221, 1209
2018-08-23, 11:00, 1220, 1216, 1217, 1262, 1232, 1248
2018-08-23, 12:00, 1258, 1238, 1269, 1226, 1241, 1241
2018-08-23, 13:00, 1241, 1245, 1288, 1272, 1304, 1285
2018-08-23, 14:00, 1299, 1337, 1292, 1308, 1318, 1291
2018-08-23, 15:00, 1317, 1287, 1322, 1287, 1306, 1311
2018-08-23, 16:00, 1281, 1260, 1270, 1224, 1242, 1216
2018-08-23, 17:00, 1189, 1165, 1168, 1164, 1172, 1186
2018-08-23, 18:00, 1138, 1190, 1268, 1250, 1300, 1256
2018-08-23, 19:00, 1175, 1109, 1099, 1062, 1086, 1080
2018-08-23, 20:00, 1075, 1073, 1018, 939, 936, 891
2018-08-23, 21:00, 866, 918, 871, 864, 858, 886
2018-08-23, 22:00, 839, 809, 796, 807, 818, 808
2018-08-23, 23:00, 795, 809, 825, 812, 810, 836
2018-08-24, 0:00, 791, 798, 779, 803, 785, 789
2018-08-24, 1:00, 769, 789, 800, 807, 830, 806
2018-08-24, 2:00, 795, 800, 809, 815, 805, 790
2018-08-24, 3:00, 802, 820, 798, 802, 804, 838
2018-08-24, 4:00, 790, 793, 807, 780, 787, 798
2018-08-24, 5:00, 771, 778, 794, 812, 786, 848
2018-08-24, 6:00, 860, 1047, 987, 922, 1014, 958
2018-08-24, 7:00, 892, 918, 986, 949, 957, 957
2018-08-24, 8:00, 978, 1045, 1132, 1162, 1166, 1099
2018-08-24, 9:00, 1139, 1190, 1165, 1188, 1223, 1232
2018-08-24, 10:00, 1251, 1209, 1232, 1212, 1220, 1273
2018-08-24, 11:00, 1201, 1146, 1143, 1175, 1129, 1223
2018-08-24, 12:00, 1231, 1209, 1214, 1287, 1359, 1326
2018-08-24, 13:00, 1290, 1320, 1324, 1277, 1306, 1325
2018-08-24, 14:00, 1286, 1355, 1320, 1322, 1341, 1318
2018-08-24, 15:00, 1308, 1356, 1359, 1279, 1289, 1416
2018-08-24, 16:00, 1423, 1398, 1438, 1441, 1439, 1551
2018-08-24, 17:00, 1605, 1622, 1723, 1930, 2019, 2200
2018-08-24, 18:00, 2288, 2315, 2388, 2398, 2575, 2959
2018-08-24, 19:00, 2932, 2809, 2850, 2966, 3004, 3074
2018-08-24, 20:00, 3077, 3118, 3170, 3181, 3207, 3146
2018-08-24, 21:00, 3115, 3114, 3122, 3106, 3273, 3156
2018-08-24, 22:00, 3029, 2966, 2924, 2916, 2943, 2765
2018-08-24, 23:00, 2626, 2568, 2508, 2397, 2403, 2182
2018-08-25, 0:00, 2100, 1956, 1820, 1812, 1758, 1689
2018-08-25, 1:00, 1659, 1634, 1680, 1630, 1590, 1161
2018-08-25, 2:00, 1074, 1082, 1059, 1058, 1054, 1083
2018-08-25, 3:00, 1041, 1099, 1092, 1043, 1068, 982
2018-08-25, 4:00, 940, 979, 997, 934, 905, 931
2018-08-25, 5:00, 948, 917, 927, 914, 930, 936
2018-08-25, 6:00, 970, 980, 889, 823, 812, 790
2018-08-25, 7:00, 815, 843, 848, 850, 875, 871
2018-08-25, 8:00, 880, 857, 848, 863, 845, 878
2018-08-25, 9:00, 869, 875, 912, 912, 937, 931
2018-08-25, 10:00, 916, 915, 924, 953, 936, 945
2018-08-25, 11:00, 925, 954, 936, 957, 987, 933
2018-08-25, 12:00, 945, 951, 956, 937, 923, 918
2018-08-25, 13:00, 898, 926, 912, 940, 926, 927
2018-08-25, 14:00, 892, 921, 945, 909, 900, 936
2018-08-25, 15:00, 924, 910, 913, 906, 927, 902
2018-08-25, 16:00, 881, 885, 894, 887, 895, 881
2018-08-25, 17:00, 871, 861, 830, 851, 868, 843
2018-08-25, 18:00, 829, 836, 829, 811, 812, 804
2018-08-25, 19:00, 796, 775, 795, 794, 755, 747
2018-08-25, 20:00, 740, 732, 741, 715, 719, 719
2018-08-25, 21:00, 707, 726, 751, 737, 752, 765
2018-08-25, 22:00, 776, 737, 704, 684, 703, 686
2018-08-25, 23:00, 686, 706, 690, 711, 702, 706
2018-08-26, 0:00, 678, 681, 678, 681, 680, 677
2018-08-26, 1:00, 674, 669, 697, 659, 678, 704
2018-08-26, 2:00, 708, 708, 714, 713, 713, 732
2018-08-26, 3:00, 741, 732, 728, 729, 700, 716
2018-08-26, 4:00, 709, 704, 718, 701, 693, 698
2018-08-26, 5:00, 683, 672, 716, 711, 711, 697
2018-08-26, 6:00, 708, 704, 687, 721, 707, 679
2018-08-26, 7:00, 702, 701, 738, 708, 689, 691
2018-08-26, 8:00, 693, 705, 696, 720, 687, 693
2018-08-26, 9:00, 725, 800, 776, 757, 785, 817
2018-08-26, 10:00, 825, 782, 829, 799, 804, 782
2018-08-26, 11:00, 771, 765, 813, 788, 797, 804
2018-08-26, 12:00, 827, 806, 819, 786, 795, 787
2018-08-26, 13:00, 765, 767, 793, 815, 793, 797
2018-08-26, 14:00, 788, 799, 785, 781, 774, 766
2018-08-26, 15:00, 770, 793, 808, 791, 780, 797
2018-08-26, 16:00, 806, 786, 798, 794, 795, 795
2018-08-26, 17:00, 780, 747, 788, 761, 764, 756
2018-08-26, 18:00, 760, 738, 734, 732, 725, 731
2018-08-26, 19:00, 716, 705, 704, 713, 730, 718
2018-08-26, 20:00, 718, 697, 702, 683, 688, 675
2018-08-26, 21:00, 682, 681, 666, 689, 684, 660
2018-08-26, 22:00, 679, 665, 677, 683, 714, 679
2018-08-26, 23:00, 674, 671, 670, 696, 672, 678
2018-08-27, 0:00, 674, 670, 666, 665, 670, 662
2018-08-27, 1:00, 672, 656, 678, 704, 681, 717
2018-08-27, 2:00, 687, 704, 719, 703, 691, 693
2018-08-27, 3:00, 705, 701, 738, 707, 708, 690
2018-08-27, 4:00, 692, 672, 675, 680, 678, 724
2018-08-27, 5:00, 699, 725, 732, 700, 701, 724
2018-08-27, 6:00, 742, 799, 789, 794, 781, 771
2018-08-27, 7:00, 780, 860, 914, 916, 910, 896
2018-08-27, 8:00, 911, 908, 910, 909, 988, 943
2018-08-27, 9:00, 1012, 990, 995, 1018, 1044, 1068
2018-08-27, 10:00, 1096, 1060, 1064, 1072, 1126, 1089
2018-08-27, 11:00, 1082, 1072, 1052, 1023, 1063, 1086
2018-08-27, 12:00, 1094, 1168, 1128, 1088, 1122, 1077
2018-08-27, 13:00, 1069, 1099, 1088, 1091, 1090, 1129
2018-08-27, 14:00, 1132, 1135, 1087, 1072, 1071, 1077
2018-08-27, 15:00, 1070, 1048, 1034, 1109, 1087, 1080
2018-08-27, 16:00, 1054, 1016, 1042, 1017, 1011, 1011
2018-08-27, 17:00, 1027, 992, 987, 960, 989, 982
2018-08-27, 18:00, 961, 945, 935, 929, 901, 912
2018-08-27, 19:00, 883, 818, 813, 793, 804, 760
2018-08-27, 20:00, 768, 744, 750, 751, 735, 747
2018-08-27, 21:00, 725, 749, 738, 710, 723, 715
2018-08-27, 22:00, 708, 667, 670, 670, 668, 676
2018-08-27, 23:00, 681, 696, 669, 660, 674, 685
2018-08-28, 0:00, 668, 669, 656, 690, 668, 663
2018-08-28, 1:00, 669, 680, 705, 676, 673, 700
2018-08-28, 2:00, 688, 726, 670, 679, 700, 699
2018-08-28, 3:00, 716, 715, 729, 704, 681, 699
2018-08-28, 4:00, 674, 680, 701, 682, 725, 740
2018-08-28, 5:00, 751, 753, 768, 741, 715, 702
2018-08-28, 6:00, 744, 789, 765, 752, 770, 755
2018-08-28, 7:00, 817, 904, 870, 874, 884, 924
2018-08-28, 8:00, 943, 941, 931, 915, 918, 921
2018-08-28, 9:00, 953, 1035, 1038, 1053, 1078, 1062
2018-08-28, 10:00, 1074, 1089, 1051, 1038, 1070, 1094
2018-08-28, 11:00, 1113, 1078, 1087, 1056, 1104, 1099
2018-08-28, 12:00, 1167, 1113, 1099, 1136, 1082, 1104
2018-08-28, 13:00, 1092, 1114, 1114, 1122, 1136, 1165
2018-08-28, 14:00, 1207, 1153, 1138, 1152, 1152, 1140
2018-08-28, 15:00, 1145, 1180, 1144, 1153, 1183, 1131
2018-08-28, 16:00, 1136, 1132, 1092, 1091, 1080, 1076
2018-08-28, 17:00, 1018, 1088, 1057, 1026, 1032, 1042
2018-08-28, 18:00, 1011, 981, 978, 979, 955, 945
2018-08-28, 19:00, 936, 835, 864, 813, 818, 778
2018-08-28, 20:00, 765, 782, 748, 764, 737, 743
2018-08-28, 21:00, 728, 754, 749, 744, 739, 751
2018-08-28, 22:00, 716, 701, 717, 710, 721, 705
2018-08-28, 23:00, 727, 734, 748, 723, 713, 737
2018-08-29, 0:00, 721, 727, 717, 744, 734, 733
2018-08-29, 1:00, 719, 726, 747, 726, 739, 740
2018-08-29, 2:00, 745, 764, 765, 725, 698, 717
2018-08-29, 3:00, 709, 721, 731, 714, 733, 705
2018-08-29, 4:00, 697, 728, 718, 690, 708, 719
2018-08-29, 5:00, 717, 749, 746, 725, 706, 716
2018-08-29, 6:00, 742, 807, 788, 798, 781, 798
2018-08-29, 7:00, 857, 897, 923, 965, 945, 968
2018-08-29, 8:00, 992, 983, 974, 1008, 1015, 996
2018-08-29, 9:00, 1058, 1131, 1153, 1166, 1154, 1175
2018-08-29, 10:00, 1188, 1224, 1616, 1629, 1658, 1633
2018-08-29, 11:00, 1699, 1422, 1222, 1238, 1259, 1219
2018-08-29, 12:00, 1269, 1272, 1260, 1221, 1232, 1230
2018-08-29, 13:00, 1225, 1257, 1275, 1266, 1261, 1289
2018-08-29, 14:00, 1287, 1313, 1359, 1317, 1331, 1312
2018-08-29, 15:00, 1260, 1228, 1260, 1271, 1241, 1268
2018-08-29, 16:00, 1161, 1154, 1125, 1110, 1126, 1110
2018-08-29, 17:00, 1082, 1096, 1102, 1105, 1067, 1056
2018-08-29, 18:00, 1030, 1016, 1032, 1024, 1033, 1019
2018-08-29, 19:00, 955, 925, 935, 895, 890, 876
2018-08-29, 20:00, 869, 870, 833, 856, 846, 846
2018-08-29, 21:00, 813, 814, 806, 795, 786, 750
2018-08-29, 22:00, 717, 699, 734, 697, 718, 698
2018-08-29, 23:00, 706, 704, 689, 707, 698, 721
2018-08-30, 0:00, 713, 705, 704, 712, 729, 719
2018-08-30, 1:00, 725, 767, 726, 694, 706, 692
2018-08-30, 2:00, 687, 698, 697, 705, 684, 708
2018-08-30, 3:00, 722, 725, 730, 699, 699, 716
2018-08-30, 4:00, 689, 695, 692, 707, 720, 741
2018-08-30, 5:00, 737, 748, 833, 764, 755, 779
2018-08-30, 6:00, 807, 873, 870, 852, 846, 868
2018-08-30, 7:00, 851, 917, 886, 907, 921, 916
2018-08-30, 8:00, 971, 1033, 994, 978, 1008, 1093
2018-08-30, 9:00, 1085, 1165, 1217, 1203, 1231, 1218
2018-08-30, 10:00, 1196, 1233, 1260, 1281, 1273, 1275
2018-08-30, 11:00, 1238, 1251, 1247, 1284, 1295, 1274
2018-08-30, 12:00, 1284, 1278, 1294, 1231, 1258, 1228
2018-08-30, 13:00, 1251, 1251, 1230, 1246, 1273, 1249
2018-08-30, 14:00, 1236, 1209, 1261, 1249, 1267, 1242
2018-08-30, 15:00, 1227, 1199, 1202, 1219, 1174, 1181
2018-08-30, 16:00, 1185, 1163, 1132, 1140, 1101, 1101
2018-08-30, 17:00, 1094, 1081, 1067, 1075, 1073, 1124
2018-08-30, 18:00, 1071, 1044, 1049, 1021, 983, 1026
2018-08-30, 19:00, 994, 934, 919, 905, 901, 879
2018-08-30, 20:00, 854, 847, 823, 844, 852, 836
2018-08-30, 21:00, 844, 821, 818, 821, 810, 810
2018-08-30, 22:00, 775, 799, 779, 779, 790, 770
2018-08-30, 23:00, 779, 785, 781, 810, 819, 821
2018-08-31, 0:00, 766, 723, 724, 738, 728, 711
2018-08-31, 1:00, 703, 715, 694, 697, 697, 732
2018-08-31, 2:00, 792, 804, 786, 784, 758, 757
2018-08-31, 3:00, 765, 763, 746, 699, 672, 705
2018-08-31, 4:00, 681, 693, 704, 685, 678, 696
2018-08-31, 5:00, 699, 719, 825, 846, 818, 864
2018-08-31, 6:00, 884, 1025, 909, 897, 863, 894
2018-08-31, 7:00, 890, 975, 985, 1007, 980, 973
2018-08-31, 8:00, 1018, 1068, 1043, 1086, 1079, 1052
2018-08-31, 9:00, 1100, 1200, 1182, 1161, 1184, 1192
2018-08-31, 10:00, 1235, 1234, 1241, 1211, 1266, 1344
2018-08-31, 11:00, 1276, 1263, 1247, 1284, 1283, 1280
2018-08-31, 12:00, 1267, 1271, 1263, 1294, 1288, 1255
2018-08-31, 13:00, 1253, 1248, 1253, 1293, 1256, 1245
2018-08-31, 14:00, 1288, 1334, 1307, 1321, 1335, 1389
2018-08-31, 15:00, 1426, 1399, 1378, 1342, 1374, 1452
2018-08-31, 16:00, 1574, 1566, 1536, 1606, 1605, 1645
2018-08-31, 17:00, 1727, 1734, 1764, 1809, 1852, 2041
2018-08-31, 18:00, 2112, 2077, 2147, 2172, 2331, 2731
2018-08-31, 19:00, 2785, 2809, 2817, 2931, 2965, 2955
2018-08-31, 20:00, 2985, 3046, 3150, 3214, 3040, 3012
2018-08-31, 21:00, 2986, 3012, 2989, 3041, 3198, 3112
2018-08-31, 22:00, 2920, 2810, 2778, 2763, 2785, 2660
